{
  "IcoMoonType": "selection",
  "icons": [
    {
      "icon": {
        "paths": [
          "M794 287.715l71.428-71.715M794 216l71.428 71.715M1033.715 290v28.571c0 287.715-218.286 617.428-617.715 617.428-118 0-233.428-34-332-98.571 17.143 2.286 34.286 3.429 51.714 3.143 97.714 0 192.856-32.287 269.715-92.571-45.407-0.682-89.443-15.653-125.859-42.785-36.414-27.131-63.356-65.046-76.999-108.359 13.429 2.858 27.429 4.286 41.143 4.286 19.429 0 38.572-2.571 57.143-7.715-49.172-9.825-93.409-36.421-125.145-75.246s-49.005-87.466-48.854-137.611v-2.856c30 16.856 63.715 25.999 98.286 26.856-45.863-30.188-78.471-76.747-91.162-130.167-12.691-53.422-4.509-109.671 22.876-157.261 110.286 135.713 273.142 218.286 447.999 226.857-4.277-16.216-6.296-32.945-6-49.713-1.048-28.314 3.496-56.556 13.371-83.11 9.876-26.556 24.887-50.905 44.178-71.656s42.483-37.495 68.25-49.277c25.766-11.782 53.603-18.369 81.916-19.386 64-2.286 125.714 24 168.571 71.714 48.572-9.714 95.144-27.714 138-52.857-16.216 51.177-50.692 94.6-96.858 121.999 43.143-6 85.144-17.999 124.857-35.999-28.857 44.286-65.141 82.856-107.427 114.286z"
        ],
        "attrs": [
          {
            "fill": "none",
            "stroke": "rgb(135, 135, 135)",
            "strokeLinejoin": "round",
            "strokeLinecap": "round",
            "strokeMiterlimit": "4",
            "strokeWidth": 18.285714285714285
          }
        ],
        "width": 1207,
        "isMulticolor": false,
        "isMulticolor2": false,
        "grid": 0,
        "tags": [
          "arcticons_twitter"
        ]
      },
      "attrs": [
        {
          "fill": "none",
          "stroke": "rgb(135, 135, 135)",
          "strokeLinejoin": "round",
          "strokeLinecap": "round",
          "strokeMiterlimit": "4",
          "strokeWidth": 18.285714285714285
        }
      ],
      "properties": {
        "order": 2,
        "id": 2,
        "name": "arcticons_twitter",
        "prevSize": 32
      },
      "setIdx": 0,
      "setId": 2,
      "iconIdx": 0
    },
    {
      "icon": {
        "paths": [
          "M511.996 989.867c-62.755 0-124.894-12.36-182.872-36.375-57.978-24.016-110.657-59.215-155.031-103.59-44.374-44.373-79.573-97.052-103.589-155.030s-36.375-120.117-36.375-182.872c0-62.754 12.36-124.894 36.375-182.871 24.015-57.978 59.215-110.657 103.589-155.032s97.053-79.573 155.031-103.588c57.978-24.015 120.117-36.375 182.872-36.375 126.738 0 248.285 50.347 337.902 139.964s139.963 211.165 139.963 337.903c0 126.738-50.345 248.286-139.963 337.902-89.618 89.618-211.165 139.965-337.902 139.965zM511.996 989.867v-546.135c0-36.211 14.384-70.938 39.989-96.542 25.605-25.605 60.333-39.991 96.544-39.991h34.133M341.329 580.267h341.333"
        ],
        "attrs": [
          {
            "fill": "none",
            "stroke": "rgb(135, 135, 135)",
            "strokeLinejoin": "miter",
            "strokeLinecap": "butt",
            "strokeMiterlimit": "4",
            "strokeWidth": 17.655172413793103
          }
        ],
        "isMulticolor": false,
        "isMulticolor2": false,
        "grid": 0,
        "tags": [
          "teenyicons_facebook-outline"
        ]
      },
      "attrs": [
        {
          "fill": "none",
          "stroke": "rgb(135, 135, 135)",
          "strokeLinejoin": "miter",
          "strokeLinecap": "butt",
          "strokeMiterlimit": "4",
          "strokeWidth": 17.655172413793103
        }
      ],
      "properties": {
        "order": 3,
        "id": 1,
        "name": "teenyicons_facebook-outline",
        "prevSize": 32
      },
      "setIdx": 0,
      "setId": 2,
      "iconIdx": 1
    },
    {
      "icon": {
        "paths": [
          "M750.938 238.933h68.267M307.205 34.134h409.6c72.422 0 141.877 28.769 193.086 79.979 51.211 51.21 79.98 120.666 79.98 193.087v409.6c0 72.422-28.769 141.877-79.98 193.088-51.209 51.211-120.664 79.98-193.086 79.98h-409.6c-72.423 0-141.878-28.769-193.088-79.98s-79.98-120.666-79.98-193.088v-409.6c0-72.422 28.769-141.877 79.98-193.087s120.665-79.979 193.088-79.979zM512.005 716.8c-54.318 0-106.409-21.576-144.817-59.983-38.407-38.409-59.983-90.5-59.983-144.817s21.576-106.408 59.983-144.815c38.407-38.407 90.499-59.985 144.817-59.985 54.316 0 106.408 21.578 144.815 59.985s59.985 90.499 59.985 144.815c0 54.316-21.578 106.408-59.985 144.817-38.407 38.407-90.499 59.983-144.815 59.983z"
        ],
        "attrs": [
          {
            "fill": "none",
            "stroke": "rgb(135, 135, 135)",
            "strokeLinejoin": "miter",
            "strokeLinecap": "butt",
            "strokeMiterlimit": "4",
            "strokeWidth": 17.655172413793103
          }
        ],
        "isMulticolor": false,
        "isMulticolor2": false,
        "grid": 0,
        "tags": [
          "teenyicons_instagram-outline"
        ]
      },
      "attrs": [
        {
          "fill": "none",
          "stroke": "rgb(135, 135, 135)",
          "strokeLinejoin": "miter",
          "strokeLinecap": "butt",
          "strokeMiterlimit": "4",
          "strokeWidth": 17.655172413793103
        }
      ],
      "properties": {
        "order": 4,
        "id": 0,
        "name": "teenyicons_instagram-outline",
        "prevSize": 32
      },
      "setIdx": 0,
      "setId": 2,
      "iconIdx": 2
    }
  ],
  "height": 1024,
  "preferences": {
    "showGlyphs": true,
    "showQuickUse": true,
    "showQuickUse2": true,
    "showSVGs": true,
    "fontPref": {
      "prefix": "icon-",
      "metadata": {
        "fontFamily": "icomoon"
      },
      "metrics": {
        "emSize": 1024,
        "baseline": 6.25,
        "whitespace": 50
      },
      "embed": false
    },
    "imagePref": {
      "prefix": "icon-",
      "png": true,
      "useClassSelector": true,
      "color": 0,
      "bgColor": 16777215,
      "classSelector": ".icon",
      "name": "icomoon",
      "height": 32,
      "columns": 16,
      "margin": 16
    },
    "historySize": 50,
    "showCodes": true,
    "gridSize": 16
  }
}